PCA|Harvest_Date|Implantation_Date|Passage|Paraffin|OCT_qty|Flash_qty|DMSO_qty|Serum_qty|Msmt_L|Msmt_R|Volume_L|Volume_R|Pass|PSA|Note|Extra|MR|FI|Is_Castrate|Error|
2b-T|||||||||||||||*This tumor transplanted from Chuck stock ( Castrated mice- A10 tumor), now transplant to two normal mouse.||||Y||
2b-T|||||||0||||||Pass||||||Y||
2b-T|||||||1.1||||||Pass||||||Y||
2b-T|||||||0.6||||||No||||||Y||
2b-T|||||||0||||||pass||||||Y||
2b-T|||||||0.6||||||Stop||||||Y||
2b-T|||||||0.08||R=640; L=780||||Pass 2||4-16-09 Revive frozen in 1-29-08 P3 vials||||Y|Error:Passage|
2b-T|||||||0.1||R=890; L=2020||||Stop||5/5/09 Revive frozen in 11-20-07 P2 vial||||Y|Error:Passage|
2b-T|||||||0.3||R=1900||||Stop||4-16-09 Revive frozen in 1-29-08 P3 vials||||Y|Error:Passage|
2b-T|||||||0.2||||||Pass 2||For bone injection by Xinhai||||Y|Error:Passage|
2b-T|||||||0.3||||||Stop||||||Y|Error:Passage|
2b-T|||||||0.2||||||Stop||||||Y|Error:Passage|
2b-T|||||||300||size=2976.60||||0|658.66±48.26|||||Y|Error:Passage|
2b-T|||||||0||||||0|Could not got blood|Femur Bone injection 15 mice by Xinhai||||Y||
2b-T|||||||||||||||* 8M A10 cell Passage 45 injected scid mice in 6-19-2007, tumor growth during 4.5 month||||||
2b-T|||||||0.8||||||Pass 4||||||||
2b-T|||||||0.6||||||Pass 2||||||||
2b-T|||||||0.8||||||No||||||||
2b-T|||||||0||||||No||||||||
2b-T|||||||0.6||||||No||||||||
2b-T|||||||0.6||||||Pass 2||||||||
2b-T|||||||0||||||Pass 4||||||||
2b-T|||||||0.6||||||No||||||||
2b-T|||||||0.3||||||Pass 4||6/9/08 Xinhai used two mice for his experiment||||||
2b-T|||||||0||||||0||||||||
2b-T|||||||0||||||Pass 2||||||||
2b-T|||||||0||||||Pass 4||||||||
2b-T|||||||0||||||Pass 3||||||||
2b-T|||||||0||||||0||Experiment for femur prostate s.c. injection||||||
2b-T|||||||0||||||0||||||||
2b-T|||||||0||||||0||||||||
2b-T|||||||0||||||Pass 2||Xinhai did pass and rest of tissue for Jingfang and Xinhai 's experiments||||||
2b-T|||||||0||||||0||All the tissues for Jingfang and Xinhai's experiments||||||
2b-T|||||||0||||||Pass 7||For Lee experiment||||||
2b-T|||||||0||||||0||||||||
2b-T|||||||0||||||0||For Dr. Lee experiment||||||
2b-T|||||||0||||||0||||||||
2b-T|||||||0||||||0||||||||
2b-T|||||||0||||||0||||||||
2b-T|||||||0||||||0||For Eleni 40 mice injection||||||
2b-T|||||||0.5||||||Pass 2||||||||
2b-T|||||||0.2||R=1830; L=1170||||Pass 2||For Xinhai & Jingfang's experiment||||||
2b-T|||||||0.2||||||Pass 1||For bone injection by Xinhai||||||
2b-T|||||||0||||||Pass 2||Mouse was processed by Xinhai||||||
2b-T|||||||0||||||Stop||For Xinhai's invasion study||||||
2b-T|||||||0||||||Stop||For Xinhai's invasion study||||||
2b-T|||||||||||||Pass 1||Revive DMSO 1-4-08 Stock  Rank 13 Box 3 H9||||||
2b-T|||||||||||||Pass 1||Revive DMSO 1-4-2008 stock P 2 Rack 13 Box 3 H 7||||||
2b-T|||||||0.3||2081.09||||Pass 2||Digested cells for Feng Wang||||||
2b-T|||||||0.2||L-side Tumor||||Pass 2||For U of Michigan Dr.Chinnaiyan 12 mice||||||
2b-T|||||||||R-side Tumor||||0|608.35 ± 8.40|||||||
2b-T|||||||0||||||0||For 15 Mice R- femur injection||||||
2b-T|||||||200||Size=555.18||||2||from Revive vial||||||
2b-T|||||||200||700||||0||From Revive vial, tumor for Xinhai's experiment||||||
2b-T|||||||0||||||Pass 2 Nod||Xinhai's experiment||||||
2b-T|||||||150||||||Stop||||||||
2b-TN|||||||200||||||2 Nod-SCID|848.44|||||||
2b-TN|||||||200||||||1 Nod-SCID||one mouse give to Guanglin and Guanglin refuse to take this type tumor||||||
2b-TN|||||||200||||||0||||||||
2b-TN|||||||200||1200||||0|804.88±75.35|||||||
2b-TN|||||||200||1.5cm||||2CB17-SCID|547.76|one mouse give to Guanglin|(revive)|||||
79|||||||||||||||Thaw 6/23/2003 frozen by Chuck : Pca79 C219 (Rack A Box PcaVI) transplanted to two scid male mice;||||||
79|||||||0.6||||||Pass 3||||||||
79|||||||0.6||||||Pass 2||||||||
79|||||||0.6||||||Pass 4||||||||
79|||||||0.5||||||No||50-70% blood in tumor||||||
79|||||||0.5||||||No||R-side large tumor 50% blood; L-side small tumor has 10% blood||||||
79|||||||0||||||2||Only one tumor, 10-20% blood||||||
79|||||||0||||||No||R-side large tumor has 40% blood; L-side small tumor has 10% blood||||||
79|||||||0||||||1||60-70% blood in tumor in both tumor||||||
79|||||||0.5||||||1||white, soft tumor||||||
79|||||||0.4||||||1||white, soft tumor||||||
79|||||||0||||||1||white, soft tumor||||||
79|||||||0||||||1||white, soft tumor||||||
79|||||||0||||||2||white and red tumor|||||Error:Harvest Date|
79|||||||0||||||0||||||||
79|||||||0||||||0||||||||
79|||||||0||||||Pass 11||Wan's castration experiment||||||
79|||||||0||||||Pass 2||By Dr. Wan processing||||||
79|||||||0||||||0||||||||
79|||||||0||||||Pass 2||||||||
79|||||||0||||||Pass 2||||||||
79|||||||0||||||Pass 2||||||||
79|||||||0||||||0||||||||
79|||||||||||||Pass 2||Revive from 9-9-08 frozen vial 79 P3 M1||||||
79|||||||0.3||R=980||||Stop||For VASO 20 mice prostate injection experiment|||||Error:Passage|
79|||||||0.5||R=430||||Stop||Small tumor|||||Error:Passage|
79|||||||0||||||0||Experiment for Dr. Sirkar *PSA =0 Assay in          3-2-2011|Revive||||Error:Passage|
79|||||||0.4||||||0|||Revive||||Error:Passage|
115-C1|||||||||||||||Thaw 2/3/5 Chuck's stock vial : Pca115 C1 C650 2-3-5 2/3 Transplanted to 2scid male mice||||||
115-C2|||||||||||||||Thaw 6/23/5 Chuck's stock vial : Pca115 C2 C292 6/23/3 Transplanted to 2scid male mice||||||
115-C2|||||||0.5||||||Pass 4||||||||
115-C2|||||||0||||||Pass 2||||||||
115-C2|||||||0||||||0||||||||
115-C2|||||||0||||||0||By Dr. Wan processing||||||
115-C2|||||||0||||||Pass 2|||||||Error:Harvest Date|
115-C2|||||||0||||||0||||||||
115-C2|||||||0||||||Pass 2||||||||
115-C2|||||||0||||||0|||||||Error:Harvest Date|
115-C2|||||||0||||||Pass 2||||||||
115-C2|||||||0||||||0||Xinhai 's experiment,10 Scid mice transplantation||||||
115-C2|||||||0.25||R=1300; L=870||||Pass 2||||||||
115-C2|||||||0.20||R=970; L=1090||||0||||||||
115-C2|||||||0.25||R=790; L=923||||Stop||Purple solid tumor||||||
115-C2|||||||0.2||R=680; L=540||||Stop||Purple solid tumor||||||
117-9|||||||||||||||Thaw 10-10-03 frozen by Chuck C371, transplant 2 mice, R-side||||||
117-9|||||||0.6||||||Pass 3||||||||
117-9|||||||0.6||||||Pass 3||||||||
117-9|||||||0.6||||||Pass 2||Soft bloody tissue||||||
117-9|||||||0.6||||||Pass 2||Soft bloody tissue||||||
117-9|||||||0||||||Pass 2||Solid tissue||||||
117-9|||||||0||||||0||Solid tissue||||||
117-9|||||||0||||||0||Solid tissue||||||
117-9|||||||0||||||Pass 2||||||||
117-9|||||||0||||||0||||||||
117-9|||||||0||||||0||||||||
117-9|||||||0||||||0||||||||
117-9|||||||0||||||Pass 2||Solid tissue||||||
117-9|||||||0||||||0||||||||
117-9|||||||0||||||0||||||||
117-9|||||||0||||||Pass 2||||||||
117-9|||||||0||R=210 ;L=120||||Stop||Mice are all unhealth;Base on Nora and Sankar's opinion||||||
117-9|||||||0||R=260; L=420||||Stop||||||||
117-1|||||||||||||||Thaw a vial, transplanted with martrigel||||||
117-1|||||||0||||||0||Based on Dr. Navone's instruction|||||Error:Paraffin|
117-1|||||||0||||||Stop||Do not pass any more|||||Error:Paraffin|
118b-C|||||||||||||||* Pca118b  C380  9-19-2003  Reviver  Chuck's stock vial|Chuck|||||
118b-C|||||||1.2||||||No|||Chuck|||||
118b-C|||||||1.2||||||Pass 4|||Chuck|||||
118b-C|||||||0||||||No||Experiment of FGF-9 AB|Chuck|||||
118b-C|||||||0.8||||||Pass 8|||Chuck|||||
118b-C|||||||0.5||||||No|||Chuck|||||
118b-C|||||||0.7||||||No|||Chuck|||||
118b-C|||||||0.6||||||Pass 2|||Chuck|||||
118b-C|||||||0.6||||||Pass 6|||Chuck|||||
118b-C|||||||0.6||||||Pass 6|||Chuck|||||
118b-C|||||||0.6||||||No|||Chuck|||||
118b-C|||||||0.6||||||No|||Chuck|||||
118b-C|||||||0||||||No|||Chuck|||||
118b-C|||||||0||||||No|||Chuck|||||
118b-C|||||||0||||||No||Very bloody and big bone|Chuck|||||
118b-C|||||||0||||||No||Very bloody and big bone|Chuck|||||
118b-C|||||||0||||||No||3 mice for gene experiment, bloody tumor|Chuck|||||
118b-C|||||||0||||||No||3 mice for John experiment, bloody tumor|Chuck|||||
118b-C|||||||0.6||||||Pass 2||2 mice, bloody tumor|Chuck|||||
118b-C|||||||0.5||||||No|||Chuck|||||
118b-C|||||||0.5||||||No|||Chuck|||||
118b-C|||||||0||||||No|||Chuck|||||
118b-C|||||||0.5||||||Pass 4||Bloody & Bony tumor|Chuck|||||
118b-C|||||||0||||||Pass 2||Still bloody but much less|Chuck|||||
118b-C|||||||0||||||Pass 2|||Chuck|||||
118b-C|||||||0||||||0||By Dr. Wan processing|Chuck|||||
118b-C|||||||0||||||0||By Dr. Wan processing|Chuck|||||
118b-C|||||||0||||||Pass 2|||Chuck|||||
118b-C|||||||0||||||0|||Chuck|||||
118b-C|||||||0||||||Pass 1||There is water in the tumor|Chuck|||||
118b-C|||||||0||||||Pass 1||There is water in the tumor|Chuck|||||
118b-C|||||||0||||||0||Dr. Ye's experiment (Dr.Suhua Lin' lab)|Chuck|||||
118b-C|||||||0||||||Stop|||Chuck|||||
118b-Q|||||||||||||2||* Qiong's stock in 10-3-07, revive|Qiong|||||
118b-Q|||||||0||||||No||Experiment of FGF-9 AB|Qiong|||||
118b-Q|||||||0.8||||||Pass 3|||Qiong|||||
118b-Q|||||||0.6||||||Pass 8|||Qiong|||||
118b-Q|||||||0.6||||||Pass 4|||Qiong|||||
118b-Q|||||||0||||||No||* 2 mice for Experiment of Thompson's lab|Qiong||||Error:Paraffin|
118b-Q|||||||0||||||No||* 2 mice for Experiment of Thompson's lab|Qiong||||Error:Paraffin|
118b-Q|||||||0.6||||||No|||Qiong|||||
118b-Q|||||||0.6||||||No|||Qiong|||||
118b-Q|||||||0.6||||||No|||Qiong|||||
118b-Q|||||||0||||||No||*1 mice for Drug test experiment|Qiong||||Error:Paraffin|
118b-Q|||||||0||||||No||*1mice for Eleni & Karli both experiment|Qiong|||||
118b-Q|||||||0||||||Pass 1|||Qiong|||||
118b-Q|||||||0||||||Pass 2|||Qiong|||||
118b-Q|||||||0.4||||||Pass 2|||Qiong|||||
118b-Q|||||||0.6||||||4|||Qiong|||||
118b-Q|||||||0||||||0|||Qiong|||||
118b-Q|||||||0||||||Pass 15||10 out of 15 for Dr. Pasqualini Lab|Qiong|||||
118b-Q|||||||0||||||0|||Qiong|||||
118b-Q|||||||0||||||0|||Qiong|||||
118b-Q|||||||0||||||0|||Qiong|||||
118b-Q|||||||0||||||Pass 10||For Pasqualini lab 50 mice preparation|Qiong|||||
118b-Q|||||||3||||||Pass 10||Processing by Dr. Wan|Qiong|||||
118b-Q|||||||0||||||Pass 2||For experiment using|Qiong|||||
118b-Q|||||||0||||||Pass 1||For experiment using|Qiong|||||
118b-Q|||||||0||||||Pass 2||For experiment using|Qiong|||||
118b-Q|||||||0||||||Pass 2||For experiment using|Qiong|||||
118b-Q|||||||0||||||0||For experiment using|Qiong|||||
118b-Q|||||||0||||||0||For Jingfang experiment|Qiong|||||
118b-Q|||||||0||||||0||For Jingfang experiment|Qiong|||||
118b-Q|||||||0||||||Pass 2||For Jingfang experiment|Qiong|||||
118b-Q|||||||0||||||Pass 10||For Maria experiment|Qiong|||||
118b-Q|||||||0||||||Pass 10||For Maria experiment|Qiong|||||
118b-Q|||||||0||||||Pass 5||For Pasqualini lab 5 mice preparation|Qiong|||||
118b-Q|||||||0||||||0||For Jingfang virus infection|Qiong|||||
118b-Q|||||||0||||||0||For Thompson Lab experiment|Qiong|||||
118b-Q|||||||0||||||Pass 2||For TKI experiment|Qiong|||||
118b-Q|||||||0||||||0|||Qiong|||||
118b-Q|||||||0||||||0|||Qiong|||||
118b-Q|||||||0||||||Pass 2||Give a big piece to SueHuwa's lab Yuchen|Qiong|||||
118b-Q|||||||0||||||Pass 2||For TKI 16 mice femur injection experiment|Qiong|||||
118b-Q|||||||0.2||||||Pass 2||For TKI 42 mice femur injection experiment|Qiong|||||
118b-Q|||||||0||||||0||Xinhai invasion experiment|Qiong|||||
118b-Q|||||||||||||||Revive testing|Qiong|||||
118b-Q|||||||0||||||4||17 SCID mice femur bone injection|Qiong|||||
118b-Q|||||||0.2||R=1020||||4||For psilocin lab 30mice|Qiong||||Error:Passage|
118b-Q|||||||0.2||R=1470||||4||For pasicolini lab 30mice|Qiong||||Error:Passage|
118b-Q|||||||0||||||Stop||For Xinhai's invasion study|Qiong|||||
118b-Q|||||||0||||||0|||Qiong|||||
118b-Q|||||||||||||||5 mice for Pasqualinin 30 mice experiment|Qiong||||Error:Passage|
118b-Q|||||||0||||||0||For Khalid experiment & Suspension culture|Qiong||||Error:Passage|
118b-Q|||||||0||||||0||For Xinhai's invasion study|Qiong||||Error:Passage|
118b-Q|||||||0.1||||||Pass 2|||Qiong||||Error:Passage|
118b-Q|||||||0||||||Pass 2||For Xinhai's experiment & Jinfang's stock & Yanqing's experiment|Qiong||||Error:Passage|
118b-Q|||||||0||||||0||For  50 nude mice injection & frozen cell by Jingfang|Qiong||||Error:Passage|
118b-Q|||||||0.4||||||||For U of Michigan Dr.Chinnaiyan 11 mice / Tumor mice got from Guanglin|Qiong|||||
118b-Q|||||||0.15|||||||||Qiong|||||
118b-Q|||||||0||1500||||0||For Xinhai Experiment|Qiong|||||
118b-Q|||||||0||||||0||Xinhai experiment|Qiong|||||
118b-Q|||||||0||Size=1900||||2||For Xinhai Experiment|Qiong|||||
118b-Q|||||||0||Size=1600||||0||For Xinhai Experiment|Qiong|||||
118b-Q|||||||0||||||2||For Xinhai Experiment|Qiong|||||
118b-Q|||||||0||||||4||For TKI Resistant tumor line|Qiong|||||
118b-Q|||||||0||N/A||||0||Xinhai experiment|Qiong|||||
118b-Q|||||||0||||||0||Just save for FF stock|Qiong|||||
118b-Q|||||||0||||||0|||Qiong|||||
118b-Q|||||||0||||||0||Junchen Liu Experiment|Qiong|||||
118b-Q|||||||0||||||2|||Qiong|||||
118b-Q|||||||0||1200||||2||For 10 nude mice femur injection (TKI project)|Qiong|||||
118b-Q|||||||0||2000||||0|||Qiong|||||
118b-Q|||||||0||1000x2||||Pass 0||Stop|Qiong|||||
|||||||||||||||Thaw 1-9-06 frozen by Qiong. Transplant to two scid male mice with Martrigel|Qiong|||||
|||||||||||||||Thaw 2/3/05 Frozen by Chuck: Pca130 C653 2/3/5 3/3 Transplanted to two scid male mice|Qiong|||||
118b-Q||||||||||||||||Qiong|||||
133-4||||||||||||||||||1/27/2005|||
133-4|||||||||||||Pass|||||1/27/2005|||
133-4|||||||||||||Pass|||||1/27/2005|||
133-4|||||||||||||Pass|||||1/27/2005|||
133-4|||||||||||||Pass|||||1/27/2005|||
133-4|||||||1.2||||||Pass|||||1/27/2005||Error:Harvest Date|
133-4|||||||0.6||||||Pass 1|||||1/27/2005||Error:Serum|
133-4|||||||0||||||Pass 1|||||1/27/2005|||
133-4|||||||0.6||||||Pass 1|||||1/27/2005||Error:Serum|
133-4|||||||0||||||Pass 1|||||1/27/2005|||
133-4|||||||0||||||Pass 1||Animal house kill this mouse by mistake|||1/27/2005|||
133-4|||||||0||||||Pass 1||From 1-23-07 Liquid N2 stock vial|||1/27/2005|||
133-4|||||||0||||||0||1/23/07 implant did not grow; 4/24/08 implant 10/31/07-stock to mouse again.|||1/27/2005|||
133-4|||||||||||||Stop||Today collect tumor cells to Baylor Dr.Sifor HIV test; RT-PCR found this batch|||1/27/2005|||
133-4|||||||||||||||133tumor has 100 fold mouse gene than Human gene,|||1/27/2005|||
133-4|||||||||||||||so discontinue pass this batch and will pick up early stock to rescue|||1/27/2005|||
133-4|||||||||||||||10/3/06 Frozen vial, re-plant|Revive||1/27/2005||Error:Implant Date|
133-4|||||||0.6||||||Pass 2|||||1/27/2005|||
133-4|||||||0||||||Pass 2||By Dr. Wan|||1/27/2005|||
133-4|||||||0||||||Pass 1|||||1/27/2005|||
133-4|||||||0||||||Pass 1|||||1/27/2005|||
133-4|||||||0||||||Pass 2|||||1/27/2005|||
133-4|||||||0||||||0|||||1/27/2005|||
133-4|||||||0||||||Pass 2|||||1/27/2005|||
133-4|||||||0||||||0|||||1/27/2005|||
133-4|||||||0||||||Pass 2|||||1/27/2005|||
133-4|||||||0||||||0|||||1/27/2005|||
133-4|||||||0.2||R=1580; L=880||||Pass 2|||||1/27/2005|||
133-4|||||||0.2||R=1590; L=650||||0|||||1/27/2005|||
133-4|||||||0.2||||||Pass 2||For  bone injection by Xinhai|||1/27/2005|||
133-4|||||||0.2||R=940; L=1040||||0|||||1/27/2005|||
133-4|||||||0||||||Stop||Process tumor to cells and store for Rice University 3D culture|||1/27/2005|||
133-4|||||||0||||||Stop||Process tumor to cells and store for Rice University 3D culture|||1/27/2005|||
133-4|||||||||||||Revive 2 mice||11/12/2008 stock|||1/27/2005|||
133-4|||||||||||||0||high volume necroses|||1/27/2005||Error:Passage|
133-4|||||||||||||2||high volume necroses|||1/27/2005||Error:Passage|
133-4|||||||0.4||||||2||Mice got from Guanglin, for Dr. Chinnayan 12mice|||1/27/2005|||
133-4|||||||0.15||||||0|||||1/27/2005|||
133-4|||||||0.3||||||5 mice|389.26±3.44|Experiment|||1/27/2005||Error:Passage|
133-4|||||||0.2||||||7 mice|435.58±3.78|Experiment|||1/27/2005||Error:Passage|
133-4|||||||0.35||Size=670.72||||0|||||1/27/2005|||
133-4|||||||0.5||Size=626.00||||0|170.49 ± 104.18||||1/27/2005||Error:Passage|
133-4|||||||0||||||0||Cells stock|||1/27/2005|||
133-4|||||||0.35||Size=983.33||||0|400.24±2.06|1/2 Necrosis|||1/27/2005||Error:Passage|
133-4|||||||0.300||Size=588.91||||0|198.67±15.27|1/2 Necrosis|||1/27/2005||Error:Passage|
133-4|||||||0.30||size=1278.64||||0|427.86±1.20|2/3 Necrosis|||1/27/2005||Error:Passage|
133-4|||||||0.12||Size=1068.70||||0|371.25±12.87|1/2 Necrosis|||1/27/2005||Error:Passage|
133-4|||||||0||0||||0|0|1/2 Necrosis;For  Xinhai's bone injection|||1/27/2005|||
133-4|||||||0||0||||0|474.88±0.77|For Sirkar Kanishka's lab short turn culture|||1/27/2005||Error:Passage|
133-4|||||||100||1500||||0|552.11±69.1|70% Necrosis for this tumor|||1/27/2005||Error:Passage|
|||||||150||Size=428.32||||1|0|ER#42|8/24/2010 Castated||7/16/2010|||
133-4-C|||||||300||Size=3071.67||||1||ER#45|||7/16/2010|||
133-4-C|||||||0||About 500||||0||Come from  ER# 42 using for 10 SCID mice femur bone injection by Xinhai|||7/16/2010|||
133-4-C|||||||0||500||||2|421ng/ml ( P9 Guangling's data)|For Rice University Eliza( Guangling's tumor)|||7/16/2010|||
133-4-C|||||||0||1000 x2||||0||Guangling's castration resistance line, PSA+|||7/16/2010|||
133-4-P|||||||||||||||11/21/07 inject 1M Pca133 cell / mouse to scid mouse prostate|||1/27/2005|||
133-4-P|||||||0.6||||||2||Pass 2mice Prostate|||1/27/2005|||
137-4|||||||||||||||||399160|10/20/2006||Error:Passage|
137-4|||||||1||||||Pass 2||||399160|10/20/2006|||
137-4|||||||1||||||Pass 2||||399160|10/20/2006|||
137-8|||||||0.6||||||Pass||||399160|10/20/06|||
137-8|||||||0.6||||||Pass 3||||399160|10/20/06|||
137-8|||||||0.5||||||Pass 2||Good solid tumor||399160|10/20/06|||
137-8|||||||0.5||||||Pass 2||Good solid tumor||399160|10/20/06|||
137-8|||||||0.5||||||No||Good small tumor||399160|10/20/06|||
137-8|||||||0||||||0||||399160|10/20/06|||
137-8|||||||0||||||0||||399160|10/20/06|||
137-8|||||||0||||||Pass 2||||399160|10/20/06|||
137-8|||||||0||||||0||||399160|10/20/06|||
137-8|||||||0||||||Pass 2||||399160|10/20/06|||
137-8|||||||0||||||Pass 2||||399160|10/20/06|||
137-8|||||||0||||||0||||399160|10/20/06|||
137-8|||||||0.3||||||Pass 2||Tumor for VASO 20mice prostate injection||399160|10/20/06|||
137-8|||||||0.3||R=630; L=1490||||0||Tumor for VASO's 20mice prostate injection experiment||399160|10/20/06|||
137-8|||||||0.2||R=2780; L=1680||||Pass 2||Large solid tumor||399160|10/20/06||Error:Implant Date|
137-8|||||||0.2||R=1990; L=620||||0||||399160|10/20/06|||
137-8|||||||0||||||Pass 3||Total 2 mice were processed by Xinhai||399160|10/20/06|||
137-8|||||||0||||||Pass 1||Total 1 mouse was processed by Xinhai||399160|10/20/06|||
137-8|||||||0||Huge tumor in 7 days||||Kill 1||Stop, This tumor has some mutate !||399160|10/20/06|||
137-8|||||||0||Huge tumor in 18 days||||Kill 1||Stop, This tumor has some mutate !||399160|10/20/06|||
137-13|||||||||||||Pass||||399160|10/20/09|||
137-13|||||||1||||||Pass||||399160|10/20/09|||
137-13|||||||0.7||||||Pass||||399160|10/20/09|||
137-13|||||||0.7||||||Pass 1||||399160|10/20/09|||
137-13|||||||0.7||||||Pass 2||Killed by animal house in 3-26-08||399160|10/20/09|||
137-13|||||||||||||Pass 2||From 1-8-08 Liquid N2 stock vial||399160|10/20/09|||
137-13|||||||0.6||||||Pass 4||||399160|10/20/09|||
137-13|||||||0||||||Pass 2||Li used this tumor for femur injection||399160|10/20/09|||
137-13|||||||0||||||Pass 2||one mouse give to Dr. Thompson lab and one mouse died||399160|10/20/09|||
137-13|||||||0||||||Pass 2||||399160|10/20/09|||
137-13|||||||0||||||Pass 1||||399160|10/20/09|||
137-13|||||||0||||||Pass 1||Tumor is pink color||399160|10/20/09|||
137-13|||||||0||||||Pass 1||Tumor is purple color, more blood||399160|10/20/09|||
137-13|||||||0||||||0||Tumor is pink color||399160|10/20/09|||
137-13|||||||0.5||||||Pass 2||||399160|10/20/09|||
137-13|||||||0||||||0||||399160|10/20/09|||
137-13|||||||0||R=370; L=1710||||Stop||Pink-Red  soft tumor||399160|10/20/09|||
137-13|||||||0||R=400||||Stop||Pink-Red  soft tumor||399160|10/20/09|||
140-4|||||||0.5||||||Pass 2||small light yellow tissue||217594|2/1/2007|||
140-4|||||||0||||||Pass 2||||217594|2/1/2007|||
140-4|||||||0||||||Pass 2||white solid tumor||217594|2/1/2007|||
140-4|||||||0||||||0||||217594|2/1/2007|||
140-4|||||||0||||||Pass 2||||217594|2/1/2007|||
140-4|||||||0||||||0||||217594|2/1/2007|||
143-2|||||||0.5||||||Pass 1||small light yellow tissue|||3/28/2007|||
143-2|||||||||||||Stop||The tumor did not grow any more|||3/28/2007|||
144-2|||||||1||||||Pass||||686415|5/2/2007|||
144-2|||||||||||||Stop||||686415|5/2/2007|||
144-4|||||||0.5||||||Pass||||686415|5/2/2007|||
144-4|||||||0.6||||||Pass 4||||686415|5/2/2007|||
144-4|||||||0.6||||||Pass 2||||686415|5/2/2007|||
144-4|||||||0.6||||||No||||686415|5/2/2007|||
144-4|||||||0.6||||||No||||686415|5/2/2007|||
144-4|||||||0.6||||||No||Culture cell||686415|5/2/2007|||
144-4|||||||0.6||||||Pass 2||3/24/08 2 mice were killed by animal house by mistake||686415|5/2/2007|||
144-4|||||||0.4||||||No||||686415|5/2/2007|||
144-4|||||||||||||Pass 2||Revive from 1-2-08 Liquid N2 stock vial||686415|5/2/2007|||
144-4|||||||0||||||Pass 4||||686415|5/2/2007|||
144-4|||||||0.6||||||Pass 2||Tumor are very soft||686415|5/2/2007|||
144-4|||||||0||||||0||Only for tumor line stock||686415|5/2/2007|||
144-4|||||||0||||||0||||686415|5/2/2007|||
144-4|||||||0||||||0||||686415|5/2/2007|||
144-4|||||||0||||||0||||686415|5/2/2007|||
144-4|||||||0||||||Pass 2||||686415|5/2/2007|||
144-4|||||||0||||||0||||686415|5/2/2007|||
144-4|||||||0||||||Pass 2||||686415|5/2/2007|||
144-4|||||||0||||||Pass 2||||686415|5/2/2007|||
144-4|||||||0||||||Pass 2||||686415|5/2/2007|||
144-4|||||||0||||||Pass 2||||686415|5/2/2007|||
144-4|||||||0||||||0||||686415|5/2/2007|||
144-4|||||||0||||||Pass 2||||686415|5/2/2007|||
144-4|||||||0||||||0||||686415|5/2/2007|||
144-4|||||||0.4||||||Pass 2||||686415|5/2/2007|||
144-4|||||||0||||||Pass 2||||686415|5/2/2007|||
144-4|||||||0||||||0||||686415|5/2/2007|||
144-4|||||||0.3||R=390; L=2270||||Stop||||686415|5/2/2007|||
144-6|||||||1||||||Pass||||686415|5/2/2007|||
144-6|||||||0.7||||||Pass 2||||686415|5/2/2007|||
144-6|||||||0.6||||||Pass 2||Tumor is regular tissue, not soft.||686415|5/2/2007|||
144-6|||||||0||||||Pass2||Tumor is regular tissue, not soft.||686415|5/2/2007|||
144-6|||||||0||||||Pass 2||||686415|5/2/2007|||
144-6|||||||0||||||0||||686415|5/2/2007|||
144-6|||||||0||||||0||||686415|5/2/2007|||
144-6|||||||0||||||Stop||||686415|5/2/2007|||
144-9|||||||1||||||Pass||||686415|5/2/2007|||
144-9|||||||||||||Pass||||686415|5/2/2007|||
144-11|||||||||||||Pass||||686415|5/2/2007|||
144-11|||||||1||||||Pass||||686415|5/2/2007|||
144-11|||||||0||||||Pass 1||Small and bloody tumor||686415|5/2/2007|||
144-11|||||||0||||||Pass 2||||686415|5/2/2007|||
144-11|||||||0||||||Pass 1||Red Bloody Tumor||686415|5/2/2007|||
144-11|||||||0||||||Pass 1||Red Bloody Tumor||686415|5/2/2007|||
144-11|||||||0.3||R=1750; L=190||||Stop||Red Bloody ,soft tumor||686415|5/2/2007|||
144-11|||||||||||||||Kill , no tumor||686415|5/2/2007|||
144-13|||||||||||||Pass||4/5 is white necroses tissue||686415|5/2/2007|||
144-13|||||||1||||||Pass 2||||686415|5/2/2007|||
144-13|||||||1||||||Pass||||686415|5/2/2007|||
144-13|||||||0.8||||||No||||686415|5/2/2007|||
144-13|||||||0.8||||||Pass||||686415|5/2/2007|||
144-13|||||||0.6||||||0||||686415|5/2/2007|||
144-13|||||||0.6||||||Pass 1||||686415|5/2/2007|||
144-13|||||||0.7||||||Pass 1||||686415|5/2/2007|||
144-13|||||||0.6||||||Pass 1||||686415|5/2/2007|||
144-13|||||||0.6||||||Pass 2||||686415|5/2/2007|||
144-13|||||||0||||||Pass 2||||686415|5/2/2007|||
144-13|||||||0||||||Pass 2||||686415|5/2/2007|||
144-13|||||||0||||||Pass 8||For Ana's experiment||686415|5/2/2007|||
144-13|||||||0||||||Pass 2||||686415|5/2/2007|||
144-13|||||||0||||||Pass 2||3/4 are whiter necroses tissue. Remove died tissue for FF,DMSO and Passage.||686415|5/2/2007|||
144-13|||||||0||||||0||||686415|5/2/2007|||
144-13|||||||0||||||Pass 2||||686415|5/2/2007|||
144-13|||||||0||||||0||Give to Brittany for Ana's Passing||686415|5/2/2007|||
144-13|||||||0||||||Pass 1||||686415|5/2/2007|||
144-13|||||||0||||||Pass 1||||686415|5/2/2007|||
144-13|||||||0.4||R=4670||||Pass 2||90% tumor are  Necrosis||686415|5/2/2007|||
144-13|||||||0.3||R=1860||||Stop||Revive 9-7-07 frozen vial, R-side with Martrigel||686415|5/2/2007||Error:Passage|
144-13|||||||0.3||R=110; L=84||||Stop||Revive 9-7-07 frozen vial, R-side with Martrigel||686415|5/2/2007||Error:Passage|
144-20|||||||||||||Pass||||686415|5/2/2007|||
144-20|||||||1||||||Pass||||686415|5/2/2007|||
144-20|||||||1||||||Pass||||686415|5/2/2007|||
144-20|||||||1.1||||||Pass||||686415|5/2/2007|||
144-20|||||||1||||||No||||686415|5/2/2007|||
144-20|||||||0||||||Pass 2||||686415|5/2/2007|||
144-20|||||||0.7||||||Stop||||686415|5/2/2007|||
144-20|||||||0.7||||||Stop||||686415|5/2/2007|||
144-23|||||||||||||Pass||||686415|5/2/2007|||
144-23|||||||1||||||Pass||||686415|5/2/2007|||
144-23|||||||1||||||Stop||||686415|5/2/2007|||
146-10|||||||0.6||||||Pass 2||||709078|8/2/2007|||
146-10|||||||0.6||||||Pass 2||||709078|8/2/2007|||
146-10|||||||0.6||||||No||||709078|8/2/2007|||
146-10|||||||0.6||||||Pass 2||||709078|8/2/2007|||
146-10|||||||0.6||||||Pass 2||||709078|8/2/2007|||
146-10|||||||0||||||Pass 2||||709078|8/2/2007|||
146-10|||||||0||||||0||||709078|8/2/2007|||
146-10|||||||0||||||0||||709078|8/2/2007|||
146-10|||||||0||||||0||||709078|8/2/2007|||
146-10|||||||0||||||Pass 2||||709078|8/2/2007|||
146-10|||||||0||||||Pass 6||For Ana's experiment||709078|8/2/2007|||
146-10|||||||0||||||Pass 2||||709078|8/2/2007|||
146-10|||||||0||||||0||||709078|8/2/2007|||
146-10|||||||0||||||Pass 1||||709078|8/2/2007|||
146-10|||||||0||||||Pass 1||||709078|8/2/2007|||
146-10|||||||0.4||R=1760; L=110||||Pass 2||Mice are slim weak; Solid tumor||709078|8/2/2007|||
146-10|||||||0.3||R=3520; L=104||||0||||709078|8/2/2007|||
146-10|||||||0||||||Stop||No tumor found, kill two mice||709078|8/2/2007|||
146-10|||||||0||1500||||Pass 4||Two mice for Guanglin||709078|8/2/2007|||
146-10|||||||0||800mm||||0||||709078|8/2/2007|||
146-12|||||||0.6||||||Pass 2||||709078|8/2/2007|||
146-12|||||||0.6||||||Pass 2||||709078|8/2/2007|||
146-12|||||||0.6||||||No||||709078|8/2/2007|||
146-12|||||||0.6||||||Pass 2||||709078|8/2/2007|||
146-12|||||||0.6||||||Pass 2||||709078|8/2/2007|||
146-12|||||||0||||||0||||709078|8/2/2007|||
146-12|||||||0||||||0||||709078|8/2/2007|||
146-12|||||||0||||||0||||709078|8/2/2007|||
146-12|||||||0||||||Pass 2||||709078|8/2/2007|||
146-12|||||||||||||2 Mice||With Martri Gel||709078|8/2/2007||Error:Paraffin|
146-12|||||||||||||2 Mice||Without Martri gel||709078|8/2/2007||Error:Paraffin|
146-12|||||||0.1||R=750; L=200||||Stop||Ear Ring 325 with Martri Gel; Soft bloody tumor||709078|8/2/2007||Error:Passage|
146-12|||||||||||||2||ER# D622 D623 with Martri gel (9/9/2008)||709078|8/2/2007||Error:Paraffin|
146-12|||||||||146-12-4a stock from Guanglin||||1||ER#621 with Martri gel Guanglin's sample 146-12-4a||709078|8/2/2007||Error:Paraffin|
146-12|||||||200||1.2cm, after blood removed, 0.5cm||||4||2 gave to Guanglin Wu||709078|8/2/2007|||
146-12|||||||0||1.0cm||||0||||709078|8/2/2007|||
146-12|||||||0||1.1cm||||0||||709078|8/2/2007|||
146-12|||||||0||1.2cm||||0||||709078|8/2/2007|||
146-12|||||||0||1.0cm||||0||||709078|8/2/2007|||
146-12|||||||0||1.5cm||||mouse give to Guanglin||ER# D623 (9/9/2008) , whole mouse with tumor give to Guanglin||709078|8/2/2007|||
146-17|||||||0.6||||||Pass 2||||709078|8/2/2007|||
146-17|||||||0.5||||||||||709078|8/2/2007|||
146-17|||||||0.6||||||Pass 3||||709078|8/2/2007|||
146-17|||||||0||||||Pass 2||||709078|8/2/2007|||
146-17|||||||0||||||Pass 1||||709078|8/2/2007|||
146-17|||||||0||||||Pass 1||||709078|8/2/2007|||
146-17|||||||0||||||0||||709078|8/2/2007|||
146-17|||||||0||||||Pass 2||||709078|8/2/2007|||
146-17|||||||0||||||0||||709078|8/2/2007|||
146-17|||||||0||||||Pass 2||||709078|8/2/2007|||
146-17|||||||0.5||||||Pass 2||||709078|8/2/2007|||
146-17|||||||0.5||||||0||||709078|8/2/2007|||
146-17|||||||0||R=910; L=610||||Pass 2||||709078|8/2/2007|||
146-17|||||||0||R=460; L=110||||0||||709078|8/2/2007|||
146-17|||||||0.2||||||Stop||||709078|8/2/2007|||
146-17|||||||0.2||||||Stop||||709078|8/2/2007|||
146-20|||||||0.6||||||Pass 2||||709078|8/2/2007|||
146-20|||||||0.6||||||Pass 2||||709078|8/2/2007|||
146-20|||||||0.6||||||Pass 2||||709078|8/2/2007|||
146-20|||||||0||||||Pass 2||||709078|8/2/2007|||
146-20|||||||0||||||0||||709078|8/2/2007|||
146-20|||||||0||||||0||||709078|8/2/2007|||
146-20|||||||0||||||Pass 2||||709078|8/2/2007||Error:Harvest Date|
146-20|||||||0||||||0||||709078|8/2/2007|||
146-20|||||||0||||||Stop||* Kill two mice today because no tumor grew during 9 month||709078|8/2/2007|||
147-4||||||||||||||||||||Error:Passage|
147-4|||||||0.5||||||Pass 1||small light yellow tissue||||||
149-1|||||||0.5||||||Pass 4||purple color, no bloody, medium soft tumor||727327|11/12/2007|||
149-1|||||||0||||||Pass 2||By Dr. Wan processing||727327|11/12/2007|||
149-1|||||||0||||||Pass 3||By Dr. Wan processing||727327|11/12/2007|||
149-1|||||||0||||||0||||727327|11/12/2007|||
149-1|||||||0||||||Pass 2||||727327|11/12/2007|||
149-1|||||||0||||||0||||727327|11/12/2007|||
149-1|||||||0||||||0||||727327|11/12/2007|||
149-1|||||||0||||||0||||727327|11/12/2007|||
149-1|||||||0||||||0||||727327|11/12/2007|||
149-1|||||||0||||||0||||727327|11/12/2007|||
149-1|||||||0.4||||||Pass 2||||727327|11/12/2007|||
149-1|||||||0.3||R=1450; L=97||||Pass 2||1/5 tumor is necrosis||727327|11/12/2007|||
149-1|||||||0.3||R=497||||0||||727327|11/12/2007|||
149-1|||||||0.2||R=760; L=1310||||Stop||30%-40% yellow color necrosis||727327|11/12/2007|||
149-1|||||||0.2||R=430; L=570||||Stop||30%-40% yellow color necrosis||727327|11/12/2007|||
149-1|||||||||||||Pass|45.02|Transfer to Guanglin||727327|11/12/2007|||
149-1|||||||200||800||||0|63.61|||727327|11/12/2007|||
149-1|||||||150||1200||||0||||727327|11/12/2007|||
150-1|||||||0.6||||||Pass 4||||699262|12/14/2008|||
150-1|||||||0||||||Pass 2||||699262|12/14/2008|||
150-1|||||||0||||||0||||699262|12/14/2008|||
150-1|||||||0||||||0||||699262|12/14/2008|||
150-1|||||||0||||||0||||699262|12/14/2008|||
150-1|||||||0||||||Pass 2||||699262|12/14/2008|||
150-1|||||||0||||||0||||699262|12/14/2008|||
150-1|||||||0||||||Pass 2||Purple ,solid tumor||699262|12/14/2008|||
150-1|||||||0||||||0||||699262|12/14/2008|||
150-1|||||||0.4||R=1210; L=1090||||Pass 2||||699262|12/14/2008|||
150-1|||||||0||R=180||||0||mouse is slim, diarrhea and unhealthy||699262|12/14/2008|||
150-1|||||||0.3||||||Stop||||699262|12/14/2008|||
150-1|||||||0.3||||||Stop||||699262|12/14/2008|||
150-3|||||||0.6||||||Pass 4||||699262|12/14/2008|||
150-3|||||||0||||||Pass 2||||699262|12/14/2008|||
150-3|||||||0||||||0||||699262|12/14/2008|||
150-3|||||||0||||||0||||699262|12/14/2008|||
150-3|||||||0||||||0||||699262|12/14/2008|||
150-3|||||||0||||||0||||699262|12/14/2008|||
150-3|||||||0||||||Pass 2||||699262|12/14/2008|||
150-3|||||||0||||||Pass 2||||699262|12/14/2008|||
150-3|||||||0||||||0||||699262|12/14/2008|||
150-3|||||||0.4||R=1790; L=430||||Pass 2||||699262|12/14/2008|||
150-3|||||||0.3||R=2280; L=670||||Pass 2||||699262|12/14/2008|||
150-3|||||||0.2||R=1090; L=545||||Stop||||699262|12/14/2008|||
150-3|||||||0.2||R=1010; L=614||||Stop||||699262|12/14/2008|||
150-3|||||||0||||||Stop||||699262|12/14/2008|||
150-3|||||||0||||||Stop||||699262|12/14/2008|||
150-5|||||||0.6||||||Pass 4||||699262|12/14/2008|||
150-5|||||||0||||||Pass 2||||699262|12/14/2008|||
150-5|||||||0||||||0||||699262|12/14/2008|||
150-5|||||||0||||||0||||699262|12/14/2008|||
150-5|||||||0||||||Pass 2||||699262|12/14/2008|||
150-5|||||||0||||||0||||699262|12/14/2008|||
150-5|||||||0||||||Pass 1||||699262|12/14/2008|||
150-5|||||||0||||||Pass 1||||699262|12/14/2008|||
150-5|||||||0||||||Pass 2||||699262|12/14/2008|||
150-5|||||||0||||||0||||699262|12/14/2008|||
150-5|||||||0||||||Stop||Did not find tumor , kill them today||699262|12/14/2008|||
150-7|||||||0.6||||||Pass 4||||699262|12/14/2008|||
150-7|||||||0||||||Pass 2||white , solid color tumor||699262|12/14/2008|||
150-7|||||||0||||||Pass 1||white , solid color tumor||699262|12/14/2008|||
150-7|||||||0||||||Pass 1||purple, soft color tumor||699262|12/14/2008|||
150-7|||||||0||||||0||||699262|12/14/2008|||
150-7|||||||0||||||Pass 2||By Dr. Wan processing||699262|12/14/2008|||
150-7|||||||0||||||Pass 2||||699262|12/14/2008|||
150-7|||||||0||||||0||||699262|12/14/2008|||
150-7|||||||0||||||0||||699262|12/14/2008|||
150-7|||||||0||||||Pass 2||||699262|12/14/2008|||
150-7|||||||0||||||0||||699262|12/14/2008|||
150-7|||||||0||||||Pass 2||||699262|12/14/2008|||
150-7|||||||0||||||0||||699262|12/14/2008|||
150-7|||||||0.2||R=1460; L=2120||||Pass 2||||699262|12/14/2008|||
150-7|||||||0.1||R=1680; L=920||||0||||699262|12/14/2008|||
150-7|||||||0.3||R=1220; L=81||||Stop||||699262|12/14/2008|||
150-7|||||||0||||||Stop||||699262|12/14/2008|||
150-10|||||||0.6||||||Pass 2||||699262|12/14/2008|||
150-10|||||||0.4||||||Pass 2||White, solid tumor||699262|12/14/2008|||
150-10|||||||0.5||||||Pass 2||White , solid tumor||699262|12/14/2008|||
150-10|||||||0||||||Pass 2||||699262|12/14/2008|||
150-10|||||||0||||||0||||699262|12/14/2008|||
150-10|||||||0||||||0||Red and white solid tumor||699262|12/14/2008|||
150-10|||||||0||||||Pass 2||||699262|12/14/2008|||
150-10|||||||0.2||Small tumor||||Pass 1||Mouse is very weak and slim, almost die.||699262|12/14/2008|||
151-1|||||||0.3||R=126||||Pass 2||||643630|1/3/2008|||
152-1|||||||0.6||||||Pass 2|||||1/28/2008|||
152-1|||||||0||||||Pass 2|||||1/28/2008|||
152-1|||||||0||||||0|||||1/28/2008|||
152-1|||||||0||||||Pass 2|||||1/28/2008|||
152-1|||||||0||||||0|||||1/28/2008|||
152-1|||||||0||||||Pass 2|||||1/28/2008|||
152-1|||||||0||||||0|||||1/28/2008|||
152-1|||||||0||||||Pass 2||Tumor is very bloody and a lot of died tissue|||1/28/2008|||
152-1|||||||0||||||0||Tumor is very bloody and a lot of died tissue|||1/28/2008|||
152-1|||||||0.3||R=620; L=490||||Pass 2|||||1/28/2008|||
152-1|||||||0.2||R=440; L=430||||0|||||1/28/2008|||
152-1|||||||0.1||R=1000; L=639||||Pass 2||Red solid tumor|||1/28/2008|||
152-1|||||||0.3||R=587; L=500||||0||Red solid tumor|||1/28/2008|||
152-1|||||||0.1||R=420||||Stop||50% of necrosis|||1/28/2008|||
152-1|||||||0.1||R=400; L=270||||Stop||40%necrosis|||1/28/2008|||
152-5|||||||0.5||||||Pass 4||White , solid tumor, may have bone, so 6B sample decalcify !|||1/28/2008|||
152-5|||||||0||||||Pass 2|||||1/28/2008|||
152-5|||||||0||||||Pass 1|||||1/28/2008|||
152-5|||||||0||||||Pass 1|||||1/28/2008|||
152-5|||||||0||||||0|||||1/28/2008|||
152-5|||||||0||||||Pass 2|||||1/28/2008|||
152-5|||||||0||||||0|||||1/28/2008|||
152-5|||||||0.2||R=670; L=1400||||Pass 2|||||1/28/2008|||
152-5|||||||0.2||R=650; L=870||||Stop|||||1/28/2008|||
|||||||0.5||||||Pass 2|||Chairmen's patient|410352|2/6/2008|||
153-7|||||||300||Size=1050.07||||Pass 2|932.30±19.75|||410352|2/6/2008|||
153-7|||||||200||Size = 969.62||||0|377.52±10.08|||410352|2/6/2008|||
153-7|||||||250||Size=2224.46||||2|522.85±38.78|||410352|2/6/2008|||
153-7|||||||250||Size=2067.66||||0|388.48±16.29|||410352|2/6/2008|||
153-7|||||||300||2000||||4|211.36±3.27|Guanglin's mouse 153-7-6 b; For Michigan Mice||410352|2/6/2008|||
153-7|||||||300||Size=1432.52||||0||Guanglin's mouse 153-7-6 c||410352|2/6/2008|||
||||||||||||||||Chairmen's patient|410352|2/6/2008||Error:Passage|
153-14|||||||0.5||||||Pass 2||||410352|2/6/2008|||
153-14|||||||||||||||||410352|2/6/2008||Error:PassageError:Flash|
153-14|||||||0.3||||||Pass 2|283.25±7.20|||410352|2/6/2008|||
153-14|||||||||Size=124.40||||0|33.11±13.30|Small tumor ; Mouse is very sick||410352|2/6/2008|||
153-14|||||||0.25||Size=1042.19          Size=471.27||||Pass 2|462.03±13.53|||410352|2/6/2008|||
153-14|||||||||||||||Give to Guanglin||410352|2/6/2008|||
155-2|||||||0.5||||||Pass 4||||661112|3/5/2008|||
155-2|||||||0||||||Pass 1||||661112|3/5/2008|||
155-2|||||||0||||||0||||661112|3/5/2008|||
155-2|||||||0||||||Pass 1||||661112|3/5/2008|||
155-2|||||||0||||||0||||661112|3/5/2008|||
155-2|||||||0||||||Pass 4||* 6 out of 8 for Ana's experiment||661112|3/5/2008|||
155-2|||||||0||||||Pass 4||||661112|3/5/2008|||
155-2|||||||0||||||Pass 2||For Ana's 18 mice experiment||661112|3/5/2008|||
155-2|||||||0||||||0||For Ana's 18 mice experiment||661112|3/5/2008|||
155-2|||||||0.5||||||Pass 2||a lot of necrosis||661112|3/5/2008|||
155-2|||||||0||||||0||||661112|3/5/2008|||
155-2|||||||0.2||R=1580; L=630||||Pass 2||80% of  tumor is necrosis||661112|3/5/2008|||
155-2|||||||0.2||R=100; L=250||||0||||661112|3/5/2008|||
155-2|||||||0.1||R=2100; L=1340||||Stop||||661112|3/5/2008|||
155-2|||||||0.1||R=650; L=320||||Stop||||661112|3/5/2008|||
155-9|||||||0.5||||||Pass 2||||661112|3/5/2008|||
155-9|||||||0||||||Pass 2||||661112|3/5/2008|||
155-9|||||||0||||||Pass 2||||661112|3/5/2008|||
155-9|||||||0||||||0||||661112|3/5/2008|||
155-9|||||||0||||||0||||661112|3/5/2008|||
155-9|||||||0||||||0||||661112|3/5/2008|||
155-9|||||||0.4||||||Pass 1||||661112|3/5/2008|||
155-9|||||||0.4||||||pass 1||||661112|3/5/2008|||
155-12|||||||0.5||||||Pass 3||||661112|3/5/2008|||
155-12|||||||0||||||Pass 2||||661112|3/5/2008|||
155-12|||||||0||||||0||||661112|3/5/2008|||
155-12|||||||0||||||0||||661112|3/5/2008|||
155-12|||||||0||||||Pass 2||||661112|3/5/2008|||
155-12|||||||0||||||0||||661112|3/5/2008|||
155-12|||||||0||||||Pass2||||661112|3/5/2008|||
155-12|||||||0||||||0||||661112|3/5/2008|||
155-12|||||||0.5||||||Pass 2||||661112|3/5/2008|||
155-12|||||||0.5||||||0||||661112|3/5/2008|||
155-12|||||||0.050||R=1690; L=490||||Pass 2||||661112|3/5/2008||Error:Paraffin|
155-12|||||||0.2||R=1360; L=470||||0||||661112|3/5/2008|||
155-12|||||||0.2||R=2410;||||Stop||||661112|3/5/2008|||
155-12|||||||0.2||R=1160;||||Stop||||661112|3/5/2008|||
155-12|||||||||||||||||661112|3/5/2008|||
155-16|||||||0||||||Pass 2||||661112|3/5/2008|||
155-16|||||||0||||||Pass 2||||661112|3/5/2008|||
155-16|||||||0||||||0||||661112|3/5/2008|||
155-16|||||||0.5||||||Pass 2||||661112|3/5/2008|||
155-16|||||||0||||||0||||661112|3/5/2008|||
155-16|||||||0.2||R=710; L=580||||Pass 2||Regular solid tumor||661112|3/5/2008|||
155-16|||||||0.2||R=960; L=650||||0||||661112|3/5/2008|||
155-16|||||||0.2||R=850; L=1640||||Pass 2||||661112|3/5/2008|||
155-16|||||||0.2||R=750; L=830||||0||||661112|3/5/2008|||
155-16|||||||0||||||Stop||||661112|3/5/2008|||
155-16|||||||0||||||Stop||||661112|3/5/2008|||
157-2|||||||0||||||Pass 1||directly transplanted very small tumor in L-side||499731|6/5/2008|||
157-2|||||||0.5||||||Pass 2||||499731|6/5/2008|||
157-2|||||||0.4||R=1300; L=1550||||Pass 2||||499731|6/5/2008|||
157-2|||||||0.4||R=1180; L=1580||||0||||499731|6/5/2008|||
157-2|||||||0.25||R=1950; L=890||||Stop||Based upon Dr.Navone and Tzelepi's comment: This tumor does not looks like adenocarcinama, stop to pass||499731|6/5/2008|||
157-4|||||||0||||||Pass 1||directly transplanted very small tumor in R-side||499731|6/5/2008|||
157-4|||||||0.5||||||Pass 2||||499731|6/5/2008|||
157-4|||||||0.1||R=600; L=2980||||Pass 2||||499731|6/5/2008|||
157-4|||||||0.4||R=2190; L=1490||||Stop||Based upon Dr.Navone and Tzelepi's comment: This tumor does not looks like adenocarcinama, stop to pass||499731|6/5/2008|||
157-4|||||||||R=820; L=180||||0||||499731|6/5/2008||Error:Serum|
158-B|||||||0||||||Pass 1||small tumor||738256|6/24/2008|||
158-B|||||||0.3||R=560; L=330||||Pass 2||||738256|6/24/2008|||
158-B|||||||||;||||1|0|||738256|6/24/2008|||
158-B|||||||||;||||1|0|||738256|6/24/2008|||
159-7|||||||0||||||pass1||Very small tumor||739561|6/27/2008|||
159-9|||||||0||||||Pass 1||Very small tumor||739561|6/27/2008|||
159-9|||||||||||||0||No Tumor, Scarify today||739561|6/27/2008|||
159-11|||||||0||||||Pass 1||mouse is sick; tumor is very small, white color||739561|6/27/2008|||
159-11|||||||||||||||||739561|6/27/2008||Error:Passage|
160-29|||||||0.4||R=932||||Pass 3||||760953|9/26/2008|||
160-29|||||||||;||||1|0|||760953|9/26/2008|||
160-29|||||||||;||||1|0|||760953|9/26/2008|||
160-29|||||||||;||||1|0|||760953|9/26/2008|||
160-31|||||||0||||||Pass 2||Mouse is sick, tumor is small||760953|9/26/2008|||
160-31|||||||0.2||R=2090;||||Pass 2||Dead one in 7-23-09||760953|9/26/2008||Error:Serum|
160-31|||||||0.2||R=970; L=320||||0||||760953|9/26/2008||Error:Serum|
160-31|||||||0.2||R=750; L=1336||||Pass 2|0|Pink solid tumor||760953|9/26/2008|||
160-31|||||||||||||||Mice are sick and dead today.||760953|9/26/2008|||
161-6|||||||0||||||Pass 1||Very small tumor||758816|10/23/2008|||
161-10|||||||0||||||Pass 1||Very small tumor||758816|10/23/2008|||
163-A|||||||0||||||Pass 1||Very bloody tumor||771253|12/15/2008|||
163-A|||||||0.4||R=2040; L=1940||||Pass 2|657.95±13.61|Purple soft solid tumor||771253|12/15/2008|||
163-A|||||||0.3||R=1390; L=370+1.43||||0|637.27±2.83|||771253|12/15/2008|||
163-A|||||||0.2||R=1000; L=698||||Pass 2||Purple soft tumor||771253|12/15/2008|||
163-A|||||||0.2||R=1689; L=1550||||0||Purple soft tumor||771253|12/15/2008|||
163-A|||||||0.1||||||Pass 2|617.64±17.86|||771253|12/15/2008|||
163-A|||||||0.1||||||0|689.60±14.85|||771253|12/15/2008|||
163-A|||||||0||||||Stop||Bloody tumor||771253|12/15/2008|||
163-A|||||||0||||||Stop||Bloody tumor||771253|12/15/2008|||
166-1|||||||||||||||||725202|3/20/2009|||
166-1|||||||0.3||R=260; L=180||||Pass 2||||725202|3/20/2009|||
166-1|||||||||||||||No tumor, kill mouse today||725202|3/20/2009|||
|||||||||||||||||725202|3/20/2009||Error:Passage|
166-1|||||||||||||||||725202|3/20/2009|||
166-8|||||||||||||||||725202|3/20/2009|||
166-8|||||||0.2||R=110; L=75||||Pass 2||||725202|3/20/2009|||
166-8|||||||0.3||||||Pass 2||||725202|3/20/2009|||
166-8|||||||0.1||||||0||terminated on 3/1/10, Histology identified not tumor||725202|3/20/2009|||
|||||||||||||||||725202|3/20/2009||Error:PassageError:Flash|
168-1|||||||||||||||No tumor, Scarify it.||783386|3/27/2009|||
169-32|||||||0||||||1||||725523|4/14/2009|||
169-38|||||||0.3||R=4170||||Pass 3||||725523|4/14/2009|||
169-38|||||||||||||Pass 3||Processed by Xinhai||725523|4/14/2009|||
169-38|||||||0||Huge tumor in 13 days||||Kill 3||Dr. Navone read 427B slides and decide to terminate this line||725523|4/14/2009|||
170-1|||||||0.2||R=0.15; L=0.27||||Pass 2||||731022|4/17/2009|||
|||||||0.2||size=1326.39|||||271± 56.4|||731022|4/17/2009|||
170-4|||||||0.3||R=640; L=220||||Pass 2||||731022|4/17/2009|||
170-4|||||||150||size=130.83||||1|774.8 ± 44.6|||731022|4/17/2009|||
170-4|||||||20||Size=130.83||||1|1158.9 ± 87.9|||731022|4/17/2009|||
170-4|||||||||Size=673.53||||2|584.1+/-5.6|||731022|4/17/2009|||
170-4|||||||100|||||||210.7±15.5|||731022|4/17/2009|||
170-4|||||||||Size=1601.40|||||491.8±12.5|||731022|4/17/2009|||
174-6|||||||350||Size =28.43||||2|147.53 ± 35.66|||778527|5/4/2009|||
174-6|||||||||Size=981.94           Size=687.66||||2|360.41±20.51|||778527|5/4/2009|||
174-6|||||||||Size=380.66          Size=317.67||||0|267.94±13.61|||778527|5/4/2009|||
174-8|||||||0||||||Pass 1||Processed by Xinhai ( mouse is weak)||778527|5/4/2009|||
175-2|||||||0.2||||||Pass 2||||707041|7/14/2009|||
175-2||||||||||||||610.6±40.1|||707041|7/14/2009|||
175-6|||||||0.2||||||Pass 2||||707041|7/14/2009|||
175-6|||||||||Size=1117           Size=333||||1|1185.6|||707041|7/14/2009|||
175-6|||||||||Size=785               Size=923||||1|1008|||707041|7/14/2009|||
175-10|||||||0.3||R=720; L=240||||Pass 4||Solider tumor||707041|7/14/2009|||
175-10|||||||0.1||Size=659             Size=502||||1|719.3+/-8.5|||707041|7/14/2009|||
175-10|||||||0.1||Size=408.2||||1|777.3+/-31.1|||707041|7/14/2009|||
175-10|||||||0.1||Size=282.6||||1|601.6+/-15.2|||707041|7/14/2009|||
175-10|||||||0.1||Size=392.5||||1|575.4+/-12.5|||707041|7/14/2009|||
175-10|||||||0.1||Size=1814.92|||||493.8±99.7|||707041|7/14/2009|||
175-10|||||||0.1||Size=1067.60|||||539.8±30.3|||707041|7/14/2009|||
|||||||||||||||||707041|7/14/2009||Error:Passage|
|||||||||||||||||707041|7/14/2009|||
|||||||200||||||2|0||Prostate|776899|8/5/2009||Error:Paraffin|
177-B|||||||0||1200||||Stop||This mouse with tumor got from Guanglin; Tumor has a lot of necroses||776899|8/5/2009|||
|||||||||||||||||776899|8/5/2009||Error:Passage|
|||||||||||||||||776899|8/5/2009|||
|||||||||||||||||776899|8/5/2009|||
|||||||||||||||||776899|8/5/2009|||
|||||||||||||||||776899|8/5/2009||Error:Passage|
177-B|||||||||||||||No tumor , kill today||776899|8/5/2009|||
180-11|||||||150||N/A||||2|115.5 ± 12.9|||706122|11/16/2009|||
180-11|||||||150||Size=598.69||||||||706122|11/16/2009|||
180-14|||||||150||N/A||||2|92.4 ± 9.8|||706122|11/16/2009|||
180-14|||||||150||||||0|230.1+/-31.1|||706122|11/16/2009|||
180-18|||||||150||N/A||||2|137.4 ± 11.9|||706122|11/16/2009|||
180-18|||||||150||Size=2304||||||||706122|11/16/2009|||
180-18|||||||0||||||||||706122|11/16/2009|||
180-21|||||||50||N/A||||2|210.3 ± 17.6|one mouse give to Guanglin||706122|11/16/2009|||
180-21|||||||||||||||||706122|11/16/2009||Error:Passage|
180-21|||||||250||Size=718.95           Size=285.59||||0|271.83±13.26|Mouse generated from GuangLin||706122|11/16/2009|||
180-21|||||||200||Size=2140.94                 Size=1837.11||||0|566.73±55.69|Mouse generated from GuangLin||706122|11/16/2009|||
180-25|||||||450||Size=607.38            Size=497.50||||2|659.74±7.30|Solid tumor||706122|11/16/2009|||
180-30|||||||50||N/A||||2|169.3 ± 34.8|||706122|11/16/2009|||
180-30|||||||150||a:||||1|113.7+/-1.4|||706122|11/16/2009|||
180-30|||||||150||b:||||1|166.7+/-16.8|||706122|11/16/2009|||
180-30|||||||100||Size=5.34cm|||||222.9±20.8 Before  268.96±13.6 After|5/20/10 Castration||706122|11/16/2009|||
180-30|||||||100||Size=527.52|||||175.63±23.67|||706122|11/16/2009|||
180-30|||||||300||Size=703.90           Size=594.40|||||198.64±1.24|Mouse generated from Guanglin||706122|11/16/2009|||
180-30|||||||250||Size=3278.02||||1|296.79±30.77|70-80% of tumor is necrosis||706122|11/16/2009|||
180-30|||||||250||Size=620.68           Size=1223.87||||0||||706122|11/16/2009|||
183-A|||||||450||size=340.67||||2|382.36±12.5|Very bloody tumor||818841|1/15/2010|||
183-A|||||||400||Size=397.55||||2|473.08±104.02|Very bloody tumor||818841|1/15/2010|||
183-A|||||||400||Size=1152.04||||3|626.44±1.00|Bloody tumor||818841|1/15/2010|||
183-A|||||||300||size=1354.58||||3|706.56±42.87|Bloody tumor||818841|1/15/2010|||
183-A|||||||350||size=259.39||||0|446.28±21.47|Bloody tumor||818841|1/15/2010|||
183-A|||||||350||size=1673.06||||2|509.70±42.22|mouse ER#380 transfer 2 NOD SCID||818841|1/15/2010|||
183-A|||||||200||Size=1031.18||||6|330.71±7.07|2 NOD-SCID mice nd 4 CB17.SCID mice||818841|1/15/2010|||
183-A|||||||0||||||5||1/2 tumor for Femur Bone injection||818841|1/15/2010|||
183-A|||||||0||||||24||5 mice tumor  pass to 24 mice for experiment||818841|1/15/2010|||
183-A|||||||20||Size=2714.91||||0||ER# E427; Very bloody tumor||818841|1/15/2010|||
183-A|||||||20||Size=1530.76||||0||ER# 428; Very bloody tumor||818841|1/15/2010|||
183-A|||||||20||Size=1410.14||||0||ER# 429; Bloody bloody||818841|1/15/2010|||
183-A|||||||20||Size=1633.73||||0||ER# 439;  bloody tumor||818841|1/15/2010|||
183-A|||||||100||1837.93||||0||ER#431||818841|1/15/2010|||
183-A|||||||100||1943.93||||2||ER#430||818841|1/15/2010|||
183-A|||||||100||1500||||0||ER#E442 For John Cell Line||818841|1/15/2010|||
183-A|||||||200||1415.24||||0||ER# E441||818841|1/15/2010|||
183-A|||||||200||1011.75||||0||ER# E438||818841|1/15/2010|||
183-A|||||||0||1750||||8||5 Black SCID, 3 CB17 SCID||818841|1/15/2010|||
183-A|||||||200||1800||||5|627.50±2.69|Both side for U of Michingan|(wan)|818841|1/15/2010|||
183-A|||||||200||1890||||0|||(wan)|818841|1/15/2010|||
183-A|||||||200||1780||||0|||(wan)|818841|1/15/2010|||
183-A|||||||0||800||||0||Inject to 6 mice Femur|(wan)|818841|1/15/2010|||
183-A|||||||0||689||||0||Black Mice||818841|1/15/2010|||
183-A|||||||0||801||||0||Black Mice||818841|1/15/2010|||
183-A|||||||0||650||||0||Black Mice||818841|1/15/2010|||
183-A|||||||0||820||||0||Black Mice||818841|1/15/2010|||
183-A|||||||0||730||||0||Black Mice||818841|1/15/2010|||
183-A|||||||250||Size=2612.48||||5||Experiment for John||818841|1/15/2010|||
183-A|||||||250||Size=1921.68||||4||Experiment for John||818841|1/15/2010|||
183-A|||||||0||Size=1800||||2||||818841|1/15/2010|||
183-A|||||||0||1500 + 1400||||0||Experiment for John 24 mice injection||818841|1/15/2010|||
183-A|||||||150||1400||||4||||818841|1/15/2010|||
183-A|||||||150ul||1600||||2||Xinhai's experiment||818841|1/15/2010||Error:Serum|
183-A|||||||0||1500||||0||||818841|1/15/2010|||
183-A|||||||0||750||||0||Tumor may be not enough for 60 nude Mice bone injection, so do not pass.||818841|1/15/2010|||
183-A|||||||0||800||||0||||818841|1/15/2010|||
183-A|||||||0||1500||||4||||818841|1/15/2010|||
183-A|||||||0||||||0||All tumor for UH student Tannay 24 mice s.c. injection||818841|1/15/2010|||
183-A|||||||0||2000||||6||Two for Guang Ling's requested|(wu)|818841|1/15/2010|||
183-A|||||||0||1500||||2||All for Rice University Eliza (3 mice , 5 tumor)||818841|1/15/2010|||
183-A|||||||0||1500||||2||All for Rice University Eliza||818841|1/15/2010|||
|||||||350||1300||||0|0|mouse ER# 954|John Araujo's Patient|818841|9/1/2010|Y||
183-A|||||||350||1060||||0|0|mouse ER# 956||818841|9/1/2010|Y||
183-A|||||||20||Size=667.65||||0|295|ER# 445 3/18/2011Castrated; Castration 10days||818841|9/1/2010|Y||
183-A|||||||20||Size=706.76|||||439|ER# 447 3/18/2011Castrated; Castration 10days||818841|9/1/2010|Y||
183-A|||||||100||498.97||||0|331.72|ER#433||818841|9/1/2010|Y||
183-A|||||||100||577.064||||0|335.5|ER#434||818841|9/1/2010|Y||
183-A|||||||100||1628.61||||0|71.09|ER#443||818841|9/1/2010|Y||
183-A|||||||100||747.93||||0|254.76|ER#448||818841|9/1/2010|Y||
183-A|||||||100||608.54||||0|231.15|ER#449||818841|9/1/2010|Y||
183-A|||||||100||1593.29||||0|34.69|ER#432||818841|9/1/2010|Y||
183-A|||||||100||2088.86||||0|51.99|ER#436||818841|9/1/2010|Y||
183-A|||||||200||1338.46||||2||ER# 440                4/18/2011 Castrated 90%Ascites||818841|9/1/2010|Y|Error:Paraffin|
183-A|||||||200||2200||||0||ER#165||818841|9/1/2010|Y||
184|||||||||||||||||773178|3/23/2010|||
184||||||||||||||||Kill, no tumor|773178|3/23/2010||Error:Implant Date|
188-2|||||||450||Size=575.08||||2|636.64±18.00|||810747|4/30/2010|||
188-2|||||||200||Size=2592.44;     Size=1076.58||||2|599.13±16.85|30-40% necrosis||810747|4/30/2010|||
188-2|||||||500||Size=1210.73;    Size=1234.55||||0|169.85±22.46|60% necrosis; Transfer to Guanglin||810747|4/30/2010|||
189-1|||||||0.5||Sisze=177.11       Size=129.81||||2|527.51±13.38|White solid tumor||776899|7/7/2010|||
189-1|||||||200||Size=570.47||||2|533.039±0.00|Animal house requested for euthanized, Cage transfer to Guanglin after treansplanted to 2 mice||776899|7/7/2010|||
189-4|||||||0.5||Size=75.74             Size=105.22||||2|523.69±31.34|Transfer to Guanglin;White solid tumor||776899|7/7/2010|||
193|||||||0||tiny tumor||||1||||818841|8/24/2010|||
193|||||||150||Size=2930.03||||2|0|Looks like mouse tissue, Wait for H&E staining||818841|8/24/2010|||
193|||||||||||||||It is mouse tissue. Stop||818841|8/24/2010|||
|||||||100||Size=272.26||||2|9.098||John Araujo's Patient|857693|11/5/2010|||
|||||||0||Size=50||||2||one mouse to Guanglin|John Araujo's Patient|818841|12/02/2010|||
200|||||||120||||||2|175.31|one mouse to Guanglin||818841|12/02/2010|||
200|||||||150||900||||0||Stop||818841|12/02/2010|||
|||||||300||Size= 802.99||||3 Castrated Mice|578.48±60.16||John Araujo's Patient|818841|1/27/2011|||
203|||||||0||||||1 CB17-Castrated||Transfer to Guanglin|in Castrated mice|818841|1/27/2011|||
203|||||||0||||||1 NOD-SCID Castated mouse||8/8/2012 No tumor; Scarify mouse|in Castrated NOD- mice|818841|1/27/2011|||
203|||||||0||||||4SCID Castrated in 3-3-12|||in Castrated mice|818841|1/27/2011|||
203|||||||200||||||2-NOD & 2CB17 SCID||Transfer to Guanglin one mouse||818841|1/27/2011||Error:Implant Date|
203|||||||150||950||||2 CB17-SCID|686.85±29.55||Castration 3/13/2012 Transplan|818841|1/27/2011|||
203|||||||0||1100||||4 CB17-SCID||||818841|1/27/2011||Error:Implant Date|
203|||||||0||1200||||0|||Castration 3/13/2012 Transplan|818841|1/27/2011|||
203|||||||300||1500||||0|736.09||Castration 8/23/2012 Transplant|818841|1/27/2011|||
203|||||||0||1200||||0|||Castration 8/23/2012 Transplant|818841|1/27/2011|||
203|||||||0||1000||||0|||Castration 8/23/2012 Transplant|818841|1/27/2011|||
203|||||||0||1000 x 2||||4 CB17-SCID x 2 sides|||Castration 7/6/2012 Transplant|818841|1/27/2011|||
203|||||||0||500 x 2||||2 CB17-SCID x 2 sides|||Castration 7/6/2012 Transplant|818841|1/27/2011|||
203|||||||0||1000 x 2||||0|||Castration 1/15/2013 Transplant|818841|1/27/2011|||
203|||||||0||2000||||0|||Castration 1/15/2013 Transplant|818841|1/27/2011|||
203|||||||0||1200||||0|||Castration 1/15/2013 Transplant|818841|1/27/2011|||
203|||||||0||1000||||Stop|||Castration 1/15/2013 Transplant|818841|1/27/2011|||
|||||||150||Size=700||||2|487.26±7.60|Transfer to Guanglin|Dr.Zurita's patient|837065|2/3/2011|||
|||||||200||Size= 514.89||||2|584.67±0.17|Transfer to Guanglin|Dr.Zurita's patient|837065|2/3/2011|||
|||||||150||Size=400||||2|490.88±36.57|Transfer to Guanglin|Dr.Zurita's patient|837065|2/3/2011|||
205-6|||||||150||||||2|0|Xinhai processing||818449|3/10/2011|||
205-6|||||||150||Size=1500||||2|0|Transfer to Guanglin||818449|3/10/2011|||
|||||||150||Size=500||||3|695.09±16.29||Bone Bx By Dr. Zurita|818239|4/13/2011|||
207|||||||||||||2||Transfer to Guanglin P1||818239|4/13/2011|||
207|||||||150||1100||||2||Stop||818239|4/13/2011|||
207|||||||150||1000||||0|796.24±22.81|Stop||818239|4/13/2011|||
207|||||||0||400||||Stop||||818239|4/13/2011|||
207|||||||0||800||||Stop||||818239|4/13/2011|||
208|||||||200||Size=50||||1|0|Transfer to Guanglin||818239|4/20/2011|||
208|||||||||||||||Guanglin suspects this tissue is mouse   lyphm notes, needs pathologist double check 12-5-2011||818239|4/20/2011|||
|||||||200||Size=773.31||||2|0|Transfer to Guanglin P1|Ana 's Patient|878758|4/28/2011|||
|||||||200||Size=1822.50||||2|0|Transfer to Guanglin one mouse after transplanted|Ana' Patient|878758|4/28/2011|||
209-3|||||||200||Size=926.01||||2|38.06±38.06|Transfer to Guanglin||878758|4/28/2011|||
211-1|||||||200||Size=1229.45||||2|59.72|Transfer to Guanglin||872218|7/20/2011|||
211-3|||||||250||Size=613.27||||2|45.49|Transfer to Guanglin||872218|7/20/2011|||
211-5|||||||200||Size=||||2|15|Transfer to Guanglin||872218|7/20/2011|||
211-7|||||||200||Size=438.34||||2|51.66|Transfer to Guanglin||872218|7/20/2011|||
212-5|||||||150||Size=||||2|0|Transfer to Guanglin||742193|7/25/2011|||
215|||||||200||||||2|0|Transfer to Guanglin||800254|8/25/2011|||
216-8|||||||0||tiny||||1 NOD-SCID||||738109|9/6/2011|||
|||||||0||Tiny||||1 NOD-SCID ER#395|||By John; Bone Marrow Bx|900665|10/13/2011|||
218|||||||350||1200||||2 Nod-SCID|693.56|Transfer to Guanglin||900665|10/13/2011|||
|||||||150||7.3 x 6.89 x 5.01||||2 N-SCID|10.99±1.04||Dr. Araujo|900174|10/21/2011|||
220|||||||200||800||||1N-SCID & 1 SCID||||900174|10/21/2011|||
220|||||||0||350||||SCID|80.01|Gave to Guanglin one mouse with tumor; He processed in 9/27/12||900174|10/21/2011|||
220|||||||0||1000||||0|Stop|||900174|10/21/2011|||
221|||||||200||||||2|0|Transfer to Guanglin||766309|11/07/2011|||
224-4|||||||150||||||2|0|Transfer to Guanglin||374255|11/17/2011|||
224-7|||||||150||||||2|0|Transfer to Guanglin||374255|11/17/2011|||
224-9|||||||200||||||2|0|Transfer to Guanglin||374255|11/17/2011|||
|||||||0||350||||2||Transfer to Guanglin|Dr.Zurita|907997|12/30/2011|||
|||||||200||400||||2|165.09|Transfer to Guanglin; 2-8-2013 Guangling request another one because his two mice dead without tumor.|Dr.Zurita|907997|12/30/2011|||
230-B|||||||||||||||||907997|12/30/2011|||
|||||||150||800||||3 Nod-SCID|469.84|Transfer to Guanglin one mouse after transplanted|Dr. Araujo; Bone Bx|897586|1/23/2012|||
231|||||||0||2000||||0||||897586|1/23/2012|||
231|||||||0||1000||||0||||897586|1/23/2012|||
232-2|||||||200||R-    L-||||2|0|Transfer to Guanglin||908582|1/24/2012|||
232-5|||||||200||R-     L-||||2|0|Transfer to Guanglin||908582|1/24/2012|||
236-1|||||||||Tiny||||1||||911638|2/16/2012|||
236-1|||||||||200||||2||one mouse transfered to Guanglin||911638|2/16/2012|||
236-1|||||||||800||||0||||911638|2/16/2012|||
236-1|||||||||900||||0|242|||911638|2/16/2012|||
237-1|||||||0||50||||1||||756685|2/24/2012|||
237-1|||||||150||2500||||2|4.74|All two mice gave to Guanglin Wu||756685|2/24/2012|||
239|||||||0||Tiny||||2||4/1/2013 one mouse died with no tumor||919749|3/21/2012|||
|||||||0||250||||2|0|Transfer to Guanglin after transplanted to one mice; Tumor grow fast -one month per pass;12/19/2012Guanglin's H&E slide show tissue is not tumor?|Dr. Millicam Bone Bx|919714|3/28/2012|||
240|||||||200||500||||2||slow growing tumor; two mice trasfer to Guanlin||919714|3/28/2012|||
240|||||||200||100||||1|392.3|The mouse sick and request kill by animal house||919714|3/28/2012|||
241|||||||0||Tiny||||2||one mouse transfer to Guanglin||761364|4/17/2012|||
241|||||||200||2200||||Stop||||761364|4/17/2012|||
242|||||||0||Tiny||||1 Nod-SCID||||921472|4/18/2012|||
242|||||||0||Tiny||||CB17-SCID||Animal house reqired sacrify||921472|4/18/2012|||
242|||||||200||1000||||2||2 mice give to Guangling||921472|4/18/2012|||
243-2|||||||150||300||||2|62.32|2 mice give to Guangling||891876|4/23/2012|||
243-2||||||||||||||140|||891876|4/23/2012|||
243-5|||||||150||400X 2||||2|532.78|2 mice give to Guangling||891876|4/23/2012|||
|||||||150||800||||2|0|Transfer to Guanglin|Dr. Logthetis|891876|4/23/2012|||
244-1|||||||150||200||||2|0|Transfer to Guanglin one mouse after transplanted||894811|4/25/2012|||
244-1|||||||0||250||||0||||894811|4/25/2012|||
244-12|||||||150||300||||2|17.74|2 Mice give to Guanglin||894811|4/25/2012|||
244-14|||||||150||250||||2|89.015|2 Mice give to Guanglin||894811|4/25/2012|||
|||||||0||100||||1|0|Mouse is very weak and animal house requested to kill . Passed small piece to one scid mouce and give to Guanglin|Bone Bx by Dr. Zurita|930537|6/14/2012|||
249|||||||0||500||||0|Stop|||930537|6/14/2012|||
|||||||200||600+500||||1xNod-SCID ;        2x CB17-SCID|171.39|two CB17-SCID to Guangling|Adrenol Gland by Dr. Logothetis|880006|8/14/2012|||
250-9|||||||100||1000||||0|157.43|||880006|8/14/2012|||
250-12|||||||200||500||||2|112.15|one mice for Guangling Wu||880006|8/14/2012|||
250-12|||||||0||500||||0|16.32|Guanglin will take care it||880006|8/14/2012|||
250-15|||||||200||400x2||||2||Two mice with two side tumor transfer to Guanglin||880006|8/14/2012|||
|||||||0||100||||2|0|one mouse transfer to Guangling|Dr. Araujo|950176|11/7/2012|||
255|||||||200||800||||2|0|Two mice with two side tumor transfer to Guanglin||609694|12/11/2012|||
256|||||||0||Tiny||||1||||953831|12/12/2012|||
256|||||||0||Tiny||||1||||953831|12/12/2012|||
258-10|||||||0||400||||3|0|Two mice with one side tumor transfer to Guanglin||887915|12/21/2012|||
258-10|||||||0||0.2cm||||2||||887915|12/21/2012|||
258-12|||||||0||2000||||0|0|||887915|12/21/2012|||
259-9|||||||0||500||||3||two mice transfered to Guangling||673576|1/29/2013|||
259-9|||||||||1500||||0|0|||673576|1/29/2013|||
259-11|||||||0||Tiny||||1||ER# D624||673576|1/29/2013|||
259-11|||||||50||800mm||||3|586.2|Two mice transfered to Guangling||673576|1/29/2013|||
259-11|||||||0||1500mm||||0||||673576|1/29/2013|||
|||||||0||Tiny||||1|||Bone Pelvic|809332|1/31/2013|||
260|||||||0||0.2cm||||2||||809332|1/31/2013|||
|||||||0||Tiny||||1|||Lymph N|809332|2/12/2013|||
261|||||||0||0.2cm||||2||||809332|2/12/2013|||
262-8|||||||0||Tiny||||2||Transfered one mouse to Guanglin||1000992|3/1/2013|||
262-10|||||||0||Very Tiny||||1||||1000992|3/1/2013|||
|||||||0||50||||2||one mouse transfer to Guangling|Dr. Log's patient|875646|4/12/2013|||
264-8|||||||0||tiny||||2||one mouse transfer to Guangling||875646|4/12/2013|||
264-8|||||||200||2cm||||0|0|Stop||875646|4/12/2013|||
264-8|||||||0||2.5cm||||0||Stop||875646|4/12/2013|||
|||||||0||0.3cm (mouse 1)||||2||one mouse transfer to Guangling|Dr. Log's patient|875646|4/12/2013|||
264-10|||||||0||0.3cm (mouse 2)||||1||||875646|4/12/2013|||
265-6|||||||200||1.0cm||||2||one mouse transfer to Guangling||932722|4/15/2013|||
265-6|||||||50||0.8cm||||0|43.97|||932722|4/15/2013|||
265-8|||||||200||0.9cm||||2||one mouse transfer to Guangling||932722|4/15/2013|||
265-8|||||||100||2.0cm||||0|174.83|||932722|4/15/2013|||
265-10|||||||0||0.3cm||||2||one mouse transfer to Guangling||932722|4/15/2013|||
265-15|||||||0||0.2cm||||2||one mouse transfer to Guangling||932722|4/15/2013|||
266|||||||200||1.5cm ( mouse 1)||||2||very sticky tumor; two mice transfer to guanglin||1025841|7/30/2013|||
266|||||||0||1.0cm (mouse 2)||||0||||1025841|7/30/2013|||
266|||||||0||1.0cm||||0||||1025841|7/30/2013|||
266|||||||0||1.5cm||||0|0|||1025841|7/30/2013|||
267-9|||||||0||Tiny||||1||||1002113|8/23/2013|||
267-12|||||||0||Tiny||||2||||1002113|8/23/2013|||
267-12|||||||0||Tiny||||2||||1002113|8/23/2013|||
268-1|||||||0||Tiny||||2||||1029955|9/5/2013|||
|||||||.150||1.2cm||||4|42.47|by Guanglin processing and two mice for Guanglin|Dr. Aparicio|1029955|9/5/2013||Error:Serum|
268-12|||||||0||Tiny||||2||||1029955|9/5/2013|||
268-14|||||||0||0.3cm||||2||||1029955|9/5/2013|||
269-9|||||||0||Tiny||||1||||1005031|9/12/2013|||
269-9|||||||0||Tiny||||1||||1005031|9/12/2013|||
269-12|||||||0||Tiny||||1||||1005031|9/12/2013|||
269-12|||||||0||Tiny||||1||||1005031|9/12/2013|||
|||||||100||2.0cm||||4|331.49|solid and bloody tumor; two mice trasfer to Guanglin|Dr.Araujo's bone marrow|1032556|9/18/2013|||
271-9|||||||100||small||||2||||957124|9/30/2013|||
272-9|||||||0||0.4cm||||2||||1032757|10/10/2013|||
272-11|||||||0||0.1cm||||1||||1032757|10/10/2013|||
272-13|||||||200||400mm||||2||one mouse for Guanglin||1032757|10/10/2013|||
272-13|||||||0||450mm||||1||||1032757|10/10/2013|||
273A|||||||150||1.2cm||||2||I mouse for Guanglin Wu||812436|10/10/2013|||
273A|||||||0||1.2cm||||0||||812436|10/10/2013|||
274-2|||||||0||0.2cm||||2||||742896|10/11/2013|||
277-1|||||||200||1.5cm||||3||I mouse for Guanglin Wu|(2/vial)|913441|2/17/2014|||
277-6|||||||200||1.0cm||||2|||(2/vial)|913441|2/17/2014|||
277-9|||||||200||1.0cm||||2|||(3/vial)|913441|2/17/2014|||
277-11|||||||200||2.0cm||||1|||(3-4/vial)|913441|2/17/2014|||
